{
  "total_hexes": 109136,
  "total_population": 21747284.35715234,
  "score_min": 0.0,
  "score_max": 0.011393686605269336,
  "score_mean": 0.000239560661453371,
  "center_lat": 30.776392356609797,
  "center_lon": -97.67569325142873
}