{
  "total_hexes": 198429,
  "total_population": 22485143.0,
  "score_min": 0.0,
  "score_max": 0.011393729888905668,
  "score_mean": 0.0001359458997344039,
  "center_lat": 30.88170597174541,
  "center_lon": -99.50339229930646
}