{
  "total_hexes": 4070,
  "total_population": 22443336.999999996,
  "score_min": 0.0,
  "score_max": 0.00397304810005242,
  "score_mean": 0.0001350196643464652,
  "center_lat": 30.877212277813438,
  "center_lon": -99.49914135333552
}