{
  "total_hexes": 109136,
  "total_population": 22607766.535766516,
  "score_min": 0.0,
  "score_max": 0.011393686605269336,
  "score_mean": 0.00024866048867393193,
  "center_lat": 30.776392356609794,
  "center_lon": -97.67569325142874
}