{
  "total_hexes": 6451,
  "total_population": 2428007.0,
  "score_min": 0.0,
  "score_max": 0.011359005500637573,
  "score_mean": 0.00044779115669924316,
  "center_lat": 30.702112529531913,
  "center_lon": -100.0591412116209
}