{
  "total_hexes": 109136,
  "total_population": 22629448.000000004,
  "score_min": 0.0,
  "score_max": 0.011393729888905668,
  "score_mean": 0.0002488941389392059,
  "center_lat": 30.776392356609794,
  "center_lon": -97.67569325142874
}